,university_name,score_cwur,score_shanghai,score_times,mean_score
184,Harvard University,9.184014692467615,5.038544976213031,4.299895819326531,6.174151829335725
511,Stanford University,8.373695310724994,2.9586628964384722,2.9128317171231592,4.748396641428875
312,Massachusetts Institute of Technology,8.294429618943688,2.7786529747404396,2.801524103983384,4.624868899222504
637,University of Cambridge,7.928687378061453,2.7737689846168494,2.326326217117413,4.342927526598572
819,University of Oxford,7.842098225626434,1.7285950981685814,2.6174384360983676,4.062710586631128
627,University of California Berkeley,6.974483534063633,2.858889955342276,1.9752791295227319,3.9362175396428802
53,California Institute of Technology,6.284785857205614,2.288858536631839,3.182538625884926,3.918727673240793
432,Princeton University,6.713423701349105,2.0090756738376094,2.5018497609147525,3.741449712033822
96,Columbia University,7.487556571626342,2.04256589182794,1.0976614105360303,3.542594624663438
648,University of Chicago,6.414454189956556,1.79278468265005,1.6841669105417774,3.2971352610494606
999,Yale University,6.284355065402453,1.6064953450788302,1.761226027330854,3.2173588126040458
100,Cornell University,5.8785491868264055,1.3839249380180842,1.0034780455716037,2.7553173901386976
828,University of Pennsylvania,5.211252683732667,1.1334460159653954,0.9649484871770653,2.4365490622917094
630,University of California Los Angeles,4.322529193815058,1.3490392942781555,1.547172925138975,2.4062471377440624
907,University of Tokyo,5.073830098524857,0.8055209648100635,0.6096203375385477,2.162990466957823
522,Swiss Federal Institute of Technology in Zurich,3.617753803846465,0.6464424293559882,,2.1320981166012265
980,Waseda University,2.020808589534986,,,2.020808589534986
242,Johns Hopkins University,3.8141948660871003,0.9171550247778358,1.1918447755004569,1.974398222121798
207,Imperial College London,1.9785909928253762,,1.8511283302514427,1.9148596615384095
798,University of New South Wales,0.44928009160990623,,3.2638788047178404,1.8565794481638733
938,University of Washington  Seattle,1.8144593158216877,,,1.8144593158216877
634,University of California San Francisco,2.5554212172556614,0.9220390149014264,,1.738730116078544
779,University of Montreal,0.43980267194040074,,2.9128317171231592,1.67631719453178
762,University of Michigan Ann Arbor,2.5549904254525027,0.738075386912868,,1.6465329061826854
257,Keio University,1.529131544862521,,,1.529131544862521
879,University of St Andrews,-0.117641921347717,,3.0669499507013125,1.4746540146767977
633,University of California San Diego,3.203762881010387,1.2004264519460583,-0.03253896903708757,1.4572167879731193
918,University of Tbingen,0.3570906457338193,,2.553222505440804,1.4551565755873117
275,Kyoto University,3.8865678890178583,0.588532260747706,-0.4435209252454945,1.34385974150669
944,University of WisconsinMadison,2.6738889631244653,0.889246509785893,0.1558277608917651,1.2396544112673744
1020,cole normale suprieure  Paris,1.228151671721897,,,1.228151671721897
186,Hebrew University of Jerusalem,2.860421813892436,-0.421058269085835,,1.2196817724033007
462,Rutgers UniversityNew Brunswick,1.163532901248004,,,1.163532901248004
899,University of Texas Southwestern Medical Center,1.162240525838526,,,1.162240525838526
571,University College London,2.0557027255908884,0.7120274395870547,0.6695552061522734,1.1457617904434054
379,New York University,3.37780276948674,0.33456477432102477,-0.3322133121057177,1.1267180772340157
118,Duke University,2.3430408582981324,0.20827874398248156,0.7723006952043753,1.1078734324949964
452,Rockefeller University,1.9872068288885616,0.22851241735164096,,1.1078596231201012
909,University of Toronto,1.8799396699018986,0.5710894388777422,0.8707651222126392,1.1072647436640934
823,University of ParisSud,1.1036528406088635,,,1.1036528406088635
713,University of Illinois at UrbanaChampaign,2.298238510769567,0.5689963002533456,0.19435731928630345,1.020530710103072
255,Katholieke Universiteit Leuven,0.8912724816513347,,,0.8912724816513347
394,Northwestern University,2.431783969748946,,-0.6918225237880734,0.8699807229804362
530,Technical University of Denmark,0.22699152117971286,,1.4401463740430358,0.8335689476113743
901,University of Texas at Austin,2.1879558091607905,0.03315281240803872,0.22432475359316656,0.8151444583873321
278,Kyushu University,0.7887440324994245,,,0.7887440324994245
457,Royal Institute of Technology,0.6439979866379033,,0.9264189287825275,0.7852084577102154
481,Seoul National University,1.8144593158216877,,-0.2894026916673417,0.762528312077173
766,University of Minnesota Twin Cities,1.1247616389636679,0.3771252596837369,,0.7509434493237024
1008,Yonsei University,0.7379105997266282,,,0.7379105997266282
584,University of Alberta,0.3372742227884905,,1.089099286448355,0.7131867546184227
984,Weizmann Institute of Science,2.1091209091826415,-0.7367733449321912,,0.6861737821252252
636,University of California Santa Cruz,0.35105956048958864,-0.7482856073663675,2.446195954344865,0.6829899691560287
420,Peking University,1.3918525569224267,,-0.1566897683083773,0.6175813943070247
885,University of Sussex,0.10378506547615733,,1.0848182244045177,0.5943016449403375
597,University of Barcelona,0.5647322948565955,,,0.5647322948565955
27,Baylor College of Medicine,0.5526701243681342,,,0.5526701243681342
270,Korea University,0.5363000358480815,,,0.5363000358480815
362,National Taiwan University,1.293632025802108,,-0.27227844349199176,0.510676791155058
654,University of Colorado Denver,0.5052830260206128,,,0.5052830260206128
642,University of Cape Town,-0.003912885313664507,,1.012040169659279,0.5040636421728072
959,University of the Witwatersrand,0.49494402274479077,,,0.49494402274479077
888,University of So Paulo,0.4932208555321527,,,0.4932208555321527
58,Carnegie Mellon University,1.0187868553864827,-0.3296578824872219,0.7808628192920505,0.4899972640637705
690,University of Glasgow,0.48977452110687913,,,0.48977452110687913
373,National University of Singapore,0.6922466685917437,,0.2328868776808412,0.46256677313629246
299,Ludwig Maximilian University of Munich,0.4548803850509768,,,0.4548803850509768
635,University of California Santa Barbara,1.0941754209393582,0.11827378313346515,0.14726563680408983,0.45323828029230445
902,University of Texas at Dallas,0.44066425554671973,,,0.44066425554671973
988,Western University The University of Western Ontario,0.43807950472776513,,,0.43807950472776513
76,Chinese University of Hong Kong,0.1270478228467585,,0.7380521988536748,0.43255001085021666
682,University of Florida,0.8555167619891132,-0.41129028883865454,0.8493598119934513,0.4311954283813033
801,University of North Carolina at Chapel Hill,1.453886576577364,-0.10918061405087136,-0.05822534130011335,0.4288268737421265
10,Albert Ludwig University of Freiburg,0.4260173342393038,,,0.4260173342393038
421,Pennsylvania State University University Park,1.029987442268625,-0.19360387190149875,,0.41819178518356315
460,Ruprecht Karl University of Heidelberg,0.4083548703097732,,,0.4083548703097732
435,Purdue University West Lafayette,1.2277208799187382,-0.4140811403378493,,0.4068198697904445
474,Sapienza University of Rome,0.40361616047502163,,,0.40361616047502163
982,Washington University in St Louis,1.0239563570243957,0.3422396159438087,-0.1566897683083773,0.4031687348866091
41,Boston College,-0.1460741803562286,,0.943543176957878,0.39873449830082475
963,Universit libre de Bruxelles,0.3855229047423309,,,0.3855229047423309
205,Icahn School of Medicine at Mount Sinai,0.37949181949810146,,,0.37949181949810146
677,University of Essex,-0.34768474423477536,,1.0848182244045177,0.36856674008487117
507,Southern Methodist University,0.3682912326159604,,,0.3682912326159604
581,University of Alabama at Birmingham,0.36742964900964137,,,0.36742964900964137
911,University of Trento,-0.3425152425968637,0.5710894388777422,0.8707651222126392,0.3664464394978393
216,Indiana UniversityPurdue University Indianapolis,0.3407205572137654,,,0.3407205572137654
1017,cole Polytechnique,1.1045144242151814,,-0.426396677070144,0.33905887357251874
618,University of British Columbia,0.7801281964362392,0.04710706990401066,0.1729520090671156,0.33339575846912184
587,University of Almera,-0.4269504360160844,,1.089099286448355,0.33107442521613534
400,Ohio State University Columbus,1.0571273258676588,-0.40291773434107214,,0.3271047957632933
650,University of Cincinnati,0.32348888508739365,,,0.32348888508739365
445,Radboud University Nijmegen,0.49494402274479077,,0.13870351271641518,0.31682376773060295
626,University of Calgary,0.31573463263052615,,,0.31573463263052615
729,University of Lausanne,0.20459034741543072,,0.41269148352201923,0.30864091546872496
314,McGill University,1.3164639913695515,-0.40012688284187764,0.005990589357450185,0.30744256596170805
167,Goethe University Frankfurt,0.3045340457483851,,,0.3045340457483851
950,University of York,-0.14865893117518442,,0.7423332608975122,0.29683716486116385
699,University of Hamburg,0.2967797932915176,,,0.2967797932915176
406,Oregon Health  Science University,0.29591820968519983,,,0.29591820968519983
706,University of Houston,0.28730237362201333,,,0.28730237362201333
866,University of Sheffield,0.2769633703461913,-0.5706678440962156,1.1490341550620813,0.2851098937706857
820,University of Padua,0.2726554523145974,,,0.2726554523145974
763,University of Milan,0.2709322851019606,,,0.2709322851019606
561,Tsinghua University,0.9826003439211037,,-0.4435209252454945,0.2695397093378046
751,University of Maryland Baltimore,0.26231644903877416,,,0.26231644903877416
796,University of New Mexico,0.2502542785503153,,,0.2502542785503153
874,University of South Florida  Tampa,0.2502542785503153,,,0.2502542785503153
180,Hanyang University,0.2433616096997668,,,0.2433616096997668
192,Hokkaido University,0.23646894084921838,,,0.23646894084921838
485,Shanghai Jiao Tong University,0.22182201954180245,,,0.22182201954180245
410,Osaka University,1.4986889241059296,-0.5354831805528018,-0.29796481575501693,0.22174697593270362
758,University of Melbourne,0.8068372882321152,-0.14581053997779606,-0.011133658817899725,0.2166310298121398
757,University of Massachusetts Medical School,0.2157909342975718,,,0.2157909342975718
897,University of Texas MD Anderson Cancer Center,0.21062143265966016,,,0.21062143265966016
282,Lancaster University,-0.25808004917764427,,0.6781173302399486,0.21001864053115216
983,Wayne State University,0.2011440129901571,,,0.2011440129901571
806,University of Notre Dame,1.1299311406015806,,-0.7474763303579617,0.19122740512180947
769,University of MissouriColumbia,0.189943426108016,,,0.189943426108016
691,University of Gothenburg,0.18735867528905897,,,0.18735867528905897
109,Dartmouth College,0.951152542290475,,-0.5890770347359715,0.18103775377725173
652,University of Cologne,0.17960442283219274,,,0.17960442283219274
673,University of Edinburgh,0.9558912521252277,-0.23965292163820495,-0.17809507852756515,0.1793810839864859
605,University of Bern,0.17357333758796206,,,0.17357333758796206
1012,Zhejiang University,0.17357333758796084,,,0.17357333758796084
833,University of Pittsburgh  Pittsburgh Campus,0.8253613357679637,-0.4796661505689154,,0.17284759259952415
721,University of Kansas,0.16668066873741363,,,0.16668066873741363
753,University of Maryland College Park,0.6655375767958677,-0.017780227452257442,-0.1566897683083773,0.16368919367841095
688,University of Georgia,0.15892641628054616,,,0.15892641628054616
55,Cardiff University,0.15461849824895352,,,0.15461849824895352
676,University of ErlangenNuremberg,0.1416947441541744,,,0.1416947441541744
712,University of Illinois at Chicago,0.1391099933352198,,,0.1391099933352198
327,Mines ParisTech,0.13796121519346033,,,0.13796121519346033
653,University of Colorado Boulder,1.0403264455444483,0.17897480324094123,-0.8116922610155253,0.13586966258995478
875,University of Southampton,0.4122319965382069,,-0.14384658217686472,0.1341927071806711
98,Complutense University of Madrid,0.13135574087835236,,,0.13135574087835236
628,University of California Davis,1.0097402275201386,-0.19988328777468597,-0.41783455298246874,0.13067412892099461
438,Queen Mary University of London,0.13049415727203334,,,0.13049415727203334
267,Kobe University,0.13049415727203334,,,0.13049415727203334
607,University of Bologna,0.1261862392404407,,,0.1261862392404407
695,University of Groningen,0.5673170456755513,-0.6254881414018182,0.41697254556585717,0.11960048327986343
754,University of Massachusetts Amherst,0.11929357038989104,,,0.11929357038989104
7,AixMarseille University,0.11929357038989104,,,0.11929357038989104
424,Pohang University of Science and Technology,0.27437861952723547,,-0.045382155168600766,0.11449823217931734
91,Claude Bernard University Lyon 1,0.11412406875198061,,,0.11412406875198061
730,University of Leeds,0.36484489819068433,,-0.14384658217686472,0.1104991580069098
747,University of Manitoba,0.10292348186983831,,,0.10292348186983831
686,University of Geneva,0.6427056112284254,-0.4382220058058802,,0.10224180271127259
380,Newcastle University,0.10206189826352052,,,0.10206189826352052
254,Karolinska Institute,0.6551985735200456,-0.1615090796607645,-0.19093826465907834,0.1009170764000676
876,University of Southern California,1.1609481504290482,-0.20127871352428323,-0.6618550894812103,0.09927144914118487
115,Dresden University of Technology,0.09516922941297085,,,0.09516922941297085
724,University of Kiel,0.09430764580665306,,,0.09430764580665306
778,University of Montpellier 2,0.09430764580665306,,,0.09430764580665306
915,University of Turin,0.08913814416874141,,,0.08913814416874141
284,Laval University,0.0874149769561046,,,0.0874149769561046
656,University of Connecticut,0.0865533933497856,,,0.0865533933497856
894,University of Tennessee Knoxville,0.0865533933497856,,,0.0865533933497856
244,JuliusMaximilians University of Wrzburg,0.08138389171187395,,,0.08138389171187395
384,North Carolina State University,0.07879914089291812,,,0.07879914089291812
341,Nanjing University,0.07535280646764451,,,0.07535280646764451
414,Paris Descartes University,0.0719064720423709,,,0.0719064720423709
456,Royal Holloway University of London,-0.3235604032578552,,0.4640642280480702,0.0702519123951075
127,Erasmus University Rotterdam,0.8326847964216709,,-0.7003846478757487,0.0661500742729611
896,University of Texas Health Science Center at San Antonio,0.06329063597918441,,,0.06329063597918441
350,National Cheng Kung University,0.0624290523728654,,,0.0624290523728654
408,Osaka City University,0.060705885160228595,,,0.060705885160228595
300,Lund University,0.5759328817387366,-0.7751475530461129,0.3784429871713188,0.05974277195464748
933,University of Virginia,0.8891185226355377,-0.755960448989152,0.031676961620475966,0.05494501175562053
240,Johannes Gutenberg University of Mainz,0.05295163270336235,,,0.05295163270336235
776,University of Montpellier,0.05122846549072432,,,0.05122846549072432
417,Paul Sabatier University  Toulouse III,0.05122846549072432,,,0.05122846549072432
849,University of Rochester,0.6129809768104346,-0.5986261957220728,0.1301413886287393,0.048165389905700386
964,Uppsala University,0.5276841997848962,-0.4371056652062024,,0.0452892672893469
668,University of Dundee,0.02710412451380413,,,0.02710412451380413
21,Autonomous University of Barcelona,0.02624254090748634,,,0.02624254090748634
967,VU University Amsterdam,0.4742660161931442,-0.7866598154802893,0.38700511125899406,0.02487043732394965
973,Virginia Commonwealth University,0.02451937369484831,,,0.02451937369484831
563,Tulane University,0.021073039269574698,,,0.021073039269574698
669,University of Dsseldorf,0.015903537631663054,,,0.015903537631663054
294,London School of Hygiene  Tropical Medicine,0.009872452387433618,,,0.009872452387433618
148,Florida State University,0.009010868781113379,,,0.009010868781113379
551,Tokyo Institute of Technology,0.7112015079307522,-0.75851872953008,0.06164439592733846,0.004775724776003544
161,Georgetown University,0.5854103014082409,,-0.5805149106482965,0.0024476953799721923
914,University of Tsukuba,0.0003950327179281213,,,0.0003950327179281213
292,Lomonosov Moscow State University,0.8863901745488623,,-0.8887513778046017,-0.001180601627869704
447,Rensselaer Polytechnic Institute,-0.0013281344947086852,,,-0.0013281344947086852
681,University of Florence,-0.0021897181010277007,,,-0.0021897181010277007
544,Thomas Jefferson University,-0.003912885313664507,,,-0.003912885313664507
976,Vrije Universiteit Brussel,-0.004774468919983523,,,-0.004774468919983523
116,Drexel University,-0.007359219738939345,,,-0.007359219738939345
285,Lehigh University,-0.008220803345257136,,,-0.008220803345257136
296,Louisiana State University  Baton Rouge,-0.010805554164212958,,,-0.010805554164212958
723,University of Kentucky,-0.011667137770531973,,,-0.011667137770531973
407,Oregon State University,-0.014251888589486571,,,-0.014251888589486571
657,University of Copenhagen,0.4268789178456216,-0.10638976255167631,-0.3664618084564181,-0.015324217720824282
517,Sungkyunkwan University,0.13566365890994375,,-0.1695329544398899,-0.016934647764973068
895,University of Texas Health Science Center at Houston,-0.01769822301476141,,,-0.01769822301476141
95,Colorado State University  Fort Collins,-0.01769822301476141,,,-0.01769822301476141
59,Case Western Reserve University,0.4337715866961713,-0.651390731878715,0.16153584361688214,-0.018694433855220526
974,Virginia Polytechnic Institute and State University,-0.019421390227398215,,,-0.019421390227398215
396,Norwegian University of Science and Technology,-0.021144557440036245,,,-0.021144557440036245
402,Okayama University,-0.021144557440036245,,,-0.021144557440036245
560,Trinity College Dublin,0.19683609495856325,,-0.24231100918512868,-0.02273745711328272
106,Dalian University of Technology,-0.022867724652673053,,,-0.022867724652673053
332,Moscow Institute of Physics and Technology,-0.02631405907794789,,,-0.02631405907794789
575,University at Buffalo The State University of New York,-0.028037226290584697,,,-0.028037226290584697
94,Colorado School of Mines,-0.196046029522707,,0.13870351271641518,-0.02867125840314591
904,University of Texas at San Antonio,-0.030621977109539292,,,-0.030621977109539292
761,University of Miami,0.4570343440667737,,-0.5205800420345706,-0.03177284898389848
784,University of Naples Federico II,-0.032345144322177326,,,-0.032345144322177326
734,University of Lisbon,-0.03320672792849511,,,-0.03320672792849511
939,University of Waterloo,-0.0418225639916816,,,-0.0418225639916816
968,Vanderbilt University,0.6965545866233376,-0.18174275302992282,-0.6404497792620225,-0.04187931522286925
843,University of Reading,-0.04440731481063742,,,-0.04440731481063742
629,University of California Irvine,0.6801844981032836,-0.17127705990794442,-0.6532929653935351,-0.048128509066065285
808,University of Oklahoma  Norman Campus,-0.05043840005486808,,,-0.05043840005486808
920,University of Ulm,-0.05129998366118587,,,-0.05129998366118587
537,Tel Aviv University,0.6483059046694959,,-0.7517573924017993,-0.0517257438661517
632,University of California Riverside,0.10809298350774996,,-0.21234357487826558,-0.05212529568525781
439,Queens University,-0.05474631808645948,,,-0.05474631808645948
191,Hiroshima University,-0.05991581972437113,,,-0.05991581972437113
746,University of Manchester,0.5901490112429923,-0.09034236643130945,-0.6832603997003982,-0.061151251629571766
105,Dalhousie University,-0.06163898693700916,,,-0.06163898693700916
534,Technion  Israel Institute of Technology,0.4591883030825706,-0.5832765124765041,,-0.06204410469696678
319,Medical University of Vienna,-0.06250057054332694,,,-0.06250057054332694
516,Sun Yatsen University,-0.06336215414964597,,,-0.06336215414964597
566,Ume University,-0.07111640660651343,,,-0.07111640660651343
45,Brandeis University,0.016765121237980844,,-0.16097083035221463,-0.07210285455711689
67,Charles University in Prague,-0.07370115742546925,,,-0.07370115742546925
422,PierreandMarieCurie University,0.8499164685480427,,-1.0000589909443784,-0.07507126119816787
87,City College of New York,-0.07542432463810606,,,-0.07542432463810606
293,London School of Economics,-0.07628590824442508,,,-0.07628590824442508
735,University of Liverpool,0.15289533103631672,,-0.3065269398426922,-0.07681580440318773
604,University of Bergen,-0.07887065906337967,,,-0.07887065906337967
179,Hannover Medical School,-0.07973224266969992,,,-0.07973224266969992
42,Boston University,0.7689276095540981,-0.5717642500423274,-0.4392398632016569,-0.08069216789662875
923,University of Utah,1.0566965340644998,-0.6799097456361073,-0.6190444690428346,-0.08075256020481403
269,Korea Advanced Institute of Science and Technology KAIST,0.46737334734259695,,-0.6318876551743475,-0.08225715391587529
667,University of DuisburgEssen,-0.08317857709497352,,,-0.08317857709497352
81,Chulalongkorn University,-0.08576332791392935,,,-0.08576332791392935
316,Medical College of Wisconsin,-0.08748649512656616,,,-0.08748649512656616
924,University of Valencia,-0.08920966233920297,,,-0.08920966233920297
835,University of Porto,-0.09265599676447779,,,-0.09265599676447779
832,University of Pisa,-0.09265599676447779,,,-0.09265599676447779
125,Eindhoven University of Technology,-0.17881435739633528,,-0.0068525967740624,-0.09283347708519885
873,University of South Carolina  Columbia,-0.09351758037079681,,,-0.09351758037079681
459,Ruhr University Bochum,-0.0943791639771146,,,-0.0943791639771146
287,Leipzig University,-0.09524074758343362,,,-0.09524074758343362
22,Autonomous University of Madrid,-0.10299500004029986,,,-0.10299500004029986
318,Medical University of South Carolina,-0.1047181672529379,,,-0.1047181672529379
513,Stellenbosch University,-0.10557975085925568,,,-0.10557975085925568
277,Kyungpook National University,-0.10816450167821151,,,-0.10816450167821151
883,University of Stuttgart,-0.10988766889084954,,,-0.10988766889084954
741,University of Louisville,-0.11074925249716733,,,-0.11074925249716733
444,RWTH Aachen University,0.06501380319182122,,-0.2894026916673417,-0.11219444423776026
3,Aarhus University,0.5526701243681342,-0.674415256747068,-0.22090569896594084,-0.11421694378162488
265,Kings College London,0.5767944653450556,-0.4887364179412968,-0.4478019872893322,-0.11991464662852445
375,National and Kapodistrian University of Athens,-0.12108825577299062,,,-0.12108825577299062
736,University of Lige,-0.12625775741090225,,,-0.12625775741090225
609,University of Bordeaux,-0.12798092462353908,,,-0.12798092462353908
850,University of Rome Tor Vergata,-0.12798092462353908,,,-0.12798092462353908
529,Technical University of Berlin,-0.12884250822985807,,,-0.12884250822985807
174,Gwangju Institute of Science and Technology,-0.12970409183617587,,,-0.12970409183617587
927,University of Vermont,-0.12970409183617587,,,-0.12970409183617587
44,Boazii University,-0.4157498491339433,,0.1558277608917651,-0.1299610441210891
461,Rush University,-0.1305656754424949,,,-0.1305656754424949
49,Brown University,0.5367308276512404,-0.5040861011868655,-0.43067773911398166,-0.13267767088320226
789,University of NebraskaLincoln,-0.13659676068672555,,,-0.13659676068672555
137,Federal University of Rio de Janeiro,-0.13831992789936234,,,-0.13831992789936234
289,Linkping University,-0.13918151150568137,,,-0.13918151150568137
985,Wesleyan University,-0.14004309511199917,,,-0.14004309511199917
844,University of Regensburg,-0.1409046787183182,,,-0.1409046787183182
981,Washington State University Pullman,-0.14779734756886662,,,-0.14779734756886662
975,VitaSalute San Raffaele University,-0.14952051478150344,,,-0.14952051478150344
251,Kansas State University,-0.14952051478150344,,,-0.14952051478150344
345,Nankai University,-0.14952051478150466,,,-0.14952051478150466
346,Nanyang Technological University,0.451003258822543,,-0.7517573924017993,-0.15037706678962814
210,Indian Institute of Technology Delhi,-0.15210526560045926,,,-0.15210526560045926
469,Saint Petersburg State University,-0.15296684920677828,,,-0.15296684920677828
714,University of Innsbruck,-0.15296684920677828,,,-0.15296684920677828
996,Xiamen University,-0.15296684920677828,,,-0.15296684920677828
348,National Autonomous University of Mexico,-0.1581363508446899,,,-0.1581363508446899
827,University of Pavia,-0.1589979344510077,,,-0.1589979344510077
253,Karlsruhe Institute of Technology,0.12187832120884685,,-0.4435209252454945,-0.16082130201832384
862,University of Science and Technology of China,0.006426117962157556,,-0.3322133121057177,-0.16289359707178008
588,University of Amsterdam,0.5509469571554974,,-0.8801892537169264,-0.1646211482807145
440,Queens University Belfast,-0.16589060330155617,,,-0.16589060330155617
786,University of Navarra,-0.169336937726831,,,-0.169336937726831
811,University of Oregon,-0.169336937726831,,,-0.169336937726831
108,Darmstadt University of Technology,-0.17019852133314878,,,-0.17019852133314878
719,University of Jena,-0.17019852133314878,,,-0.17019852133314878
749,University of Marburg,-0.17019852133314878,,,-0.17019852133314878
215,Indiana University  Bloomington,0.36714245447420213,-0.714175200153993,,-0.17351637283989546
521,Swiss Federal Institute of Technology in Lausanne,0.42515575063298483,-0.7789849738575051,,-0.17691461161226013
830,University of Perugia,-0.18053752460897207,,,-0.18053752460897207
606,University of Birmingham,0.41137041293188914,-0.7597978698005442,-0.19521932670291567,-0.1812155945238569
472,San Diego State University,-0.18226069182161012,,,-0.18226069182161012
877,University of Southern Denmark,-0.18226069182161012,,,-0.18226069182161012
912,University of Trieste,-0.1839838590342469,,,-0.1839838590342469
540,Texas AM University College Station,0.3566598539306592,-0.7271797929037107,,-0.18525996948652576
35,BenGurion University of the Negev,-0.1857070262468837,,,-0.1857070262468837
815,University of Otago,-0.18656860985320273,,,-0.18656860985320273
246,Justus Liebig University Giessen,-0.18915336067215732,,,-0.18915336067215732
93,College of William and Mary,-0.19087652788479537,,,-0.19087652788479537
857,University of Santiago de Compostela,-0.19087652788479537,,,-0.19087652788479537
546,Tianjin University,-0.19173811149111314,,,-0.19173811149111314
1004,Yeshiva University,0.2907487080472882,,-0.6746982756127229,-0.19197478378271735
702,University of Helsinki,0.12144752940568797,-0.5054815269364635,,-0.19201699876538778
514,Stockholm University,0.266624367070368,-0.65409436926856,,-0.193735001099096
468,Saint Louis University,-0.19518444591638798,,,-0.19518444591638798
194,Hong Kong Polytechnic University,-0.1969076131290248,,,-0.1969076131290248
1009,York University,-0.19776919673534382,,,-0.19776919673534382
696,University of Guelph,-0.19863078034166282,,,-0.19863078034166282
611,University of Bordeaux II,-0.20035394755429964,,,-0.20035394755429964
863,University of Science Malaysia,-0.20121553116061866,,,-0.20121553116061866
671,University of Eastern Finland,-0.20207711476693643,,,-0.20207711476693643
620,University of Buenos Aires,-0.20466186558589225,,,-0.20466186558589225
678,University of Exeter,-0.17450643936474264,,-0.23802994714129136,-0.20626819325301698
787,University of Nebraska Medical Center,-0.2081082000111671,,,-0.2081082000111671
497,Simon Fraser University,-0.2089697836174861,,,-0.2089697836174861
466,Saarland University,-0.2089697836174861,,,-0.2089697836174861
707,University of Hull,-0.21069295083012168,,,-0.21069295083012168
680,University of Ferrara,-0.21069295083012168,,,-0.21069295083012168
898,University of Texas Medical Branch at Galveston,-0.21069295083012293,,,-0.21069295083012293
795,University of New Hampshire,-0.2115545344364407,,,-0.2115545344364407
20,Australian National University,0.07592719553852426,-0.39454517984348947,-0.3193701259742051,-0.21266270342639013
574,University at Albany SUNY,-0.21413928525539652,,,-0.21413928525539652
961,Universit catholique de Louvain,0.13480207530362598,,-0.5633906624729463,-0.21429429358466018
598,University of Bari Aldo Moro,-0.21500086886171554,,,-0.21500086886171554
969,Versailles SaintQuentinenYvelines University,-0.21672403607435237,,,-0.21672403607435237
966,Utrecht University,0.2821328719841029,-0.20825584227226945,-0.7260710201387739,-0.21739799680898017
538,Temple University,-0.21758561968067136,,,-0.21758561968067136
343,Nanjing University of Science and Technology,-0.3907639245507041,,-0.045382155168600766,-0.21807303985965243
128,Ewha Womans University,-0.21844720328698916,,,-0.21844720328698916
552,Tokyo Medical and Dental University,-0.21844720328698916,,,-0.21844720328698916
403,Oklahoma State UniversityStillwater,-0.21844720328698916,,,-0.21844720328698916
425,Polytechnic University of Catalonia,-0.2201703704996272,,,-0.2201703704996272
916,University of Turku,-0.2201703704996272,,,-0.2201703704996272
928,University of Verona,-0.22103195410594498,,,-0.22103195410594498
476,Scuola Normale Superiore di Pisa,-0.22189353771226278,,,-0.22189353771226278
580,University of Alabama  Tuscaloosa,-0.221893537712264,,,-0.221893537712264
276,Kyung Hee University,-0.22275512131858302,,,-0.22275512131858302
79,Chonnam National University,-0.22275512131858302,,,-0.22275512131858302
610,University of Bordeaux I,-0.22275512131858302,,,-0.22275512131858302
549,Tohoku University,0.41998624899507436,-0.6068492403179132,-0.4863315456838702,-0.22439817900223635
557,Tongji University,-0.2244782885312186,,,-0.2244782885312186
865,University of Seville,-0.2244782885312186,,,-0.2244782885312186
739,University of Lorraine,-0.22447828853121982,,,-0.22447828853121982
195,Hong Kong University of Science and Technology,-0.1047181672529379,,-0.34505649823723056,-0.2248873327450842
32,Beijing Normal University,-0.22620145574385664,,,-0.22620145574385664
426,Polytechnic University of Milan,-0.22792462295649343,,,-0.22792462295649343
995,Xian Jiaotong University,-0.22792462295649465,,,-0.22792462295649465
351,National Chiao Tung University,-0.23050937377544925,,,-0.23050937377544925
64,Chalmers University of Technology,-0.23050937377545047,,,-0.23050937377545047
645,University of Central Florida,-0.23050937377545047,,,-0.23050937377545047
70,Chiba University,-0.23223254098808607,,,-0.23223254098808607
665,University of Delhi,-0.23309412459440632,,,-0.23309412459440632
1007,Yokohama National University,-0.2339557082007241,,,-0.2339557082007241
764,University of Milan  Bicocca,-0.2339557082007241,,,-0.2339557082007241
61,Catholic University of the Sacred Heart,-0.2339557082007241,,,-0.2339557082007241
223,Iran University of Science and Technology,-0.42264251798449176,,-0.045382155168600766,-0.23401233657654627
2,Aalto University,-0.2348172918070419,,,-0.2348172918070419
430,Pontifical Catholic University of Chile,-0.23826362623231673,,,-0.23826362623231673
415,Paris Diderot University  Paris 7,0.17874283922587372,,-0.657574027437373,-0.23941559410574964
271,Kumamoto University,-0.23998679344495352,,,-0.23998679344495352
47,Brigham Young University,-0.23998679344495352,,,-0.23998679344495352
243,Joseph Fourier University,0.15892641628054616,,-0.6404497792620225,-0.24076168149073818
129,Etvs Lornd University,-0.24084837705127254,,,-0.24084837705127254
238,Jilin University,-0.24170996065759157,,,-0.24170996065759157
365,National Tsing Hua University,-0.24170996065759157,,,-0.24170996065759157
77,Chonbuk National University,-0.24170996065759157,,,-0.24170996065759157
601,University of Bath,-0.24343312787022836,,,-0.24343312787022836
99,Concordia University,-0.24515629508286518,,,-0.24515629508286518
881,University of Strasbourg,0.266624367070368,-0.75851872953008,,-0.245947181229856
159,George Mason University,-0.247741045901821,,,-0.247741045901821
639,University of Campinas,-0.247741045901821,,,-0.247741045901821
163,Georgia Regents University,-0.24860262950813877,,,-0.24860262950813877
993,Wuhan University,-0.24860262950813877,,,-0.24860262950813877
519,Swedish University of Agricultural Sciences,-0.24860262950814002,,,-0.24860262950814002
971,Vienna University of Technology,-0.24946421311445902,,,-0.24946421311445902
532,Technical University of Madrid,-0.2503257967207768,,,-0.2503257967207768
917,University of Twente,-0.2503257967207768,,,-0.2503257967207768
504,Southeast University,-0.2503257967207768,,,-0.2503257967207768
175,Gyeongsang National University,-0.25291054753973263,,,-0.25291054753973263
219,Innsbruck Medical University,-0.25291054753973263,,,-0.25291054753973263
593,University of Arkansas for Medical Sciences,-0.2546337147523707,,,-0.2546337147523707
324,Middle East Technical University,-0.25549529835868845,,,-0.25549529835868845
889,University of Tampere,-0.2563568819650063,,,-0.2563568819650063
986,West Virginia University,-0.25808004917764427,,,-0.25808004917764427
484,Shandong University,-0.2589416327839621,,,-0.2589416327839621
817,University of Oulu,-0.2598032163902811,,,-0.2598032163902811
298,Loyola University Chicago,-0.2598032163902811,,,-0.2598032163902811
8,Ajou University,-0.2598032163902811,,,-0.2598032163902811
337,Nagoya University,0.18305075725746633,-0.7033329635757738,,-0.26014110315915373
649,University of Chile,-0.2615263836029179,,,-0.2615263836029179
321,Miami University,-0.2615263836029179,,,-0.2615263836029179
705,University of Hong Kong,0.3312431375442611,,-0.8545028814539009,-0.2616298719548199
936,University of Warsaw,-0.2623879672092369,,,-0.2623879672092369
50,Brunel University,-0.2623879672092369,,,-0.2623879672092369
692,University of Granada,-0.26324955081555595,,,-0.26324955081555595
182,Harbin Institute of Technology,-0.26324955081555595,,,-0.26324955081555595
151,Free University of Berlin,0.3786302358917837,,-0.9058756259799519,-0.2636226950440841
591,University of Arizona,0.7280023882539651,-0.5836253689139034,-0.9401241223306522,-0.2652490343301968
555,Tokyo University of Science,-0.26583430163451177,,,-0.26583430163451177
436,Pusan National University,-0.26583430163451177,,,-0.26583430163451177
383,Niigata University,-0.26669588524082954,,,-0.26669588524082954
978,Wake Forest University,0.39413874080551736,,-0.9315619982429774,-0.26871162871873
569,University College Cork,-0.26928063605978536,,,-0.26928063605978536
334,Nagasaki University,-0.26928063605978536,,,-0.26928063605978536
782,University of Mnster,0.14341791136681123,,-0.6832603997003982,-0.2699212441667935
515,Stony Brook University,0.22469396489619753,,-0.7646005785333122,-0.26995330681855734
773,University of Modena and Reggio Emilia,-0.27014221966610436,,,-0.27014221966610436
63,Central South University,-0.2710038032724222,,,-0.2710038032724222
666,University of Denver,-0.2727269704850602,,,-0.2727269704850602
286,Leiden University,0.3148730490242084,-0.5026906754372684,-0.6318876551743475,-0.2732350938624692
428,Polytechnic University of Valencia,-0.273588554091378,,,-0.273588554091378
249,Kanazawa University,-0.2753117213040148,,,-0.2753117213040148
170,Grenoble Institute of Technology,-0.2761733049103338,,,-0.2761733049103338
824,University of Parma,-0.2761733049103338,,,-0.2761733049103338
533,Technical University of Munich,0.35220833863134693,-0.27663170400252945,-0.9058756259799519,-0.27676633045037813
792,University of Nevada Reno,-0.2770348885166528,,,-0.2770348885166528
882,University of Strathclyde,-0.2796196393356086,,,-0.2796196393356086
401,Ohio University,-0.2796196393356086,,,-0.2796196393356086
851,University of Rostock,-0.28048122294192646,,,-0.28048122294192646
931,University of Vienna,0.12101673760252907,,-0.6832603997003982,-0.28112183104893457
503,South China University of Technology,-0.28134280654824545,,,-0.28134280654824545
302,Macquarie University,-0.28134280654824545,,,-0.28134280654824545
229,Jagiellonian University,-0.2822043901545645,,,-0.2822043901545645
16,Aristotle University of Thessaloniki,-0.2830659737608823,,,-0.2830659737608823
726,University of KwaZuluNatal,-0.28392755736720127,,,-0.28392755736720127
858,University of Saskatchewan,-0.2847891409735203,,,-0.2847891409735203
697,University of Gttingen,0.2881639572283324,-0.7033329635757736,-0.4392398632016566,-0.28480295651636595
906,University of Tokushima,-0.2856507245798381,,,-0.2856507245798381
101,Cranfield University,-0.28651230818615586,,,-0.28651230818615586
767,University of Mississippi  Oxford Campus,-0.28651230818615586,,,-0.28651230818615586
531,Technical University of Dortmund,-0.2865123081861571,,,-0.2865123081861571
245,Juntendo University,-0.2865123081861571,,,-0.2865123081861571
948,University of Wyoming,-0.28737389179247613,,,-0.28737389179247613
208,Indian Institute of Science,-0.28737389179247613,,,-0.28737389179247613
448,Rice University,0.3079803801736587,-0.7106091121272445,-0.46064517342084443,-0.28775796845814344
847,University of Rennes 1,-0.2882354753987939,,,-0.2882354753987939
36,Bielefeld University,-0.2882354753987939,,,-0.2882354753987939
541,Texas Tech University TTU,-0.2882354753987939,,,-0.2882354753987939
777,University of Montpellier 1,-0.28995864261143073,,,-0.28995864261143073
264,King Saud University,-0.28995864261143073,,,-0.28995864261143073
701,University of Hawaii at Manoa,-0.28995864261143195,,,-0.28995864261143195
953,University of Zurich,0.34761322606431383,-0.30454021899447226,-0.9144377500676271,-0.2904549143325952
198,Huazhong University of Science and Technology,-0.2365404590196799,,-0.34505649823723056,-0.2907984786284552
788,University of Nebraska Omaha,-0.2908202262177497,,,-0.2908202262177497
725,University of Konstanz,-0.2908202262177497,,,-0.2908202262177497
206,Illinois Institute of Technology,-0.29340497703670554,,,-0.29340497703670554
499,Sogang University,-0.29426656064302337,,,-0.29426656064302337
1006,Yokohama City University,-0.2942665606430246,,,-0.2942665606430246
946,University of Wollongong,-0.29512814424934236,,,-0.29512814424934236
662,University of Dayton,-0.29512814424934236,,,-0.29512814424934236
710,University of Iceland,-0.2968513114619804,,,-0.2968513114619804
700,University of Hanover,-0.29857447867461717,,,-0.29857447867461717
377,New Mexico State University,-0.29857447867461717,,,-0.29857447867461717
745,University of Malaya,-0.29857447867461717,,,-0.29857447867461717
687,University of Genoa,-0.1589979344510077,-0.4382220058058802,,-0.298609970128444
921,University of Ulsan,-0.299436062280935,,,-0.299436062280935
492,Shinshu University,-0.300297645887254,,,-0.300297645887254
92,Clemson University,-0.300297645887254,,,-0.300297645887254
330,Monash University,0.36312173097804873,,-0.9658104945936777,-0.30134438180781453
496,Sichuan University,-0.3020208130998908,,,-0.3020208130998908
752,University of Maryland Baltimore County,-0.3020208130998908,,,-0.3020208130998908
102,Creighton University,-0.3020208130998908,,,-0.3020208130998908
553,Tokyo Metropolitan University,-0.3028823967062098,,,-0.3028823967062098
310,Martin Luther University of HalleWittenberg,-0.3028823967062098,,,-0.3028823967062098
122,East China University of Science and Technology,-0.30460556391884663,,,-0.30460556391884663
952,University of Zaragoza,-0.30460556391884663,,,-0.30460556391884663
641,University of Canterbury,-0.3063287311314847,,,-0.3063287311314847
562,Tufts University,0.5015494970598999,-0.8020094987258582,-0.6190444690428346,-0.30650149023626433
133,Federal University of Minas Gerais,-0.30719031473780245,,,-0.30719031473780245
615,University of Brescia,-0.30719031473780245,,,-0.30719031473780245
382,Nihon University,-0.30719031473780245,,,-0.30719031473780245
956,University of the Basque Country,-0.30719031473780245,,,-0.30719031473780245
463,Rutgers The State University of New Jersey  Newark,-0.38042492127488203,-0.23407121863981625,,-0.30724806995734916
816,University of Ottawa,0.16237275070581977,,-0.7774437646648248,-0.3075355069795025
579,University of Akron,-0.30805189834412144,,,-0.30805189834412144
813,University of Oslo,0.21794489331336872,-0.450362209827375,-0.6918225237880734,-0.3080799467673599
884,University of Surrey,-0.3089134819504405,,,-0.3089134819504405
26,BarIlan University,-0.3089134819504405,,,-0.3089134819504405
592,University of Arkansas  Fayetteville,-0.3089134819504405,,,-0.3089134819504405
867,University of Sherbrooke,-0.3089134819504405,,,-0.3089134819504405
164,Georgia State University,-0.30977506555675827,,,-0.30977506555675827
717,University of Iowa,0.47857393422473804,-0.7866598154802893,-0.6233255310866722,-0.31047047078074114
28,Baylor University,-0.31063664916307604,,,-0.31063664916307604
737,University of Ljubljana,-0.3114982327693951,,,-0.3114982327693951
168,Graduate University for Advanced Studies,-0.3114982327693951,,,-0.3114982327693951
411,OttovonGuericke University Magdeburg,-0.3114982327693963,,,-0.3114982327693963
919,University of Udine,-0.3114982327693963,,,-0.3114982327693963
222,Iowa State University,0.2390536916681742,,-0.8630650055415762,-0.312005656936701
199,Humboldt University of Berlin,0.36742964900964137,,-0.9914968668567032,-0.31203360892353094
88,City University London,-0.3123598163757141,,,-0.3123598163757141
413,Panjab University,-0.31322139998203313,,,-0.31322139998203313
800,University of Nice Sophia Antipolis,-0.3140829835883521,,,-0.3140829835883521
799,University of Newcastle,-0.3140829835883521,,,-0.3140829835883521
617,University of Bristol,0.18506111900554365,-0.41059257596385634,-0.7175088960510989,-0.3143467843364705
322,Michigan State University,0.6052267243535684,-0.6861193902218145,-0.8630650055415762,-0.3146525571366074
465,SUNY Downstate Medical Center,-0.3149445671946699,,,-0.3149445671946699
945,University of WisconsinMilwaukee,-0.3166677344073067,,,-0.3166677344073067
860,University of Savoy,-0.31666773440730794,,,-0.31666773440730794
837,University of Potsdam,-0.31666773440730794,,,-0.31666773440730794
809,University of Oklahoma Health Sciences Center,-0.3175293180136257,,,-0.3175293180136257
651,University of Coimbra,-0.3175293180136257,,,-0.3175293180136257
602,University of Bayreuth,-0.31925248522626254,,,-0.31925248522626254
658,University of Crete,-0.32097565243889936,,,-0.32097565243889936
378,New York Medical College,-0.32097565243889936,,,-0.32097565243889936
113,Dongguk University,-0.32097565243889936,,,-0.32097565243889936
419,Peking Union Medical College,-0.3226988196515374,,,-0.3226988196515374
1016,cole Centrale Paris,-0.3226988196515374,,,-0.3226988196515374
374,National YangMing University,-0.3226988196515374,,,-0.3226988196515374
594,University of Auckland,-0.032345144322177326,,-0.6147634069989973,-0.3235542756605873
304,Mahidol University,-0.3235604032578552,,,-0.3235604032578552
821,University of Palermo,-0.32442198686417417,,,-0.32442198686417417
614,University of Bremen,-0.32442198686417417,,,-0.32442198686417417
913,University of Troms  The Arctic University of Norway,-0.32442198686417417,,,-0.32442198686417417
940,University of Western Australia,0.1003387310508825,-0.7329359241207992,-0.3407754361933926,-0.3244575430877698
965,Utah State University,-0.326145154076811,,,-0.326145154076811
890,University of Tartu,-0.326145154076811,,,-0.326145154076811
283,Lanzhou University,-0.326145154076811,,,-0.326145154076811
328,Mississippi State University,-0.32700673768313,,,-0.32700673768313
783,University of Nantes,-0.32786832128944904,,,-0.32786832128944904
644,University of Catania,-0.32786832128944904,,,-0.32786832128944904
153,Fudan University,0.19769767856488227,,-0.8545028814539009,-0.3284026014445093
556,Tokyo Womens Medical University,-0.3287299048957668,,,-0.3287299048957668
347,Nara Institute of Science and Technology,-0.3287299048957668,,,-0.3287299048957668
19,Auburn University,-0.3287299048957668,,,-0.3287299048957668
331,Montana State University  Bozeman,-0.3287299048957668,,,-0.3287299048957668
446,Renmin University of China,-0.32959148850208586,,,-0.32959148850208586
693,University of Graz,-0.32959148850208586,,,-0.32959148850208586
144,Flinders University,-0.32959148850208586,,,-0.32959148850208586
213,Indian Institute of Technology Madras,-0.33045307210840486,,,-0.33045307210840486
230,James Cook University,-0.33045307210840486,,,-0.33045307210840486
596,University of Aveiro,-0.33131465571472263,,,-0.33131465571472263
970,Victoria University of Wellington,-0.3321762393210417,,,-0.3321762393210417
590,University of Antwerp,-0.12798092462353908,,-0.5377042902099208,-0.33284260741672994
25,Bangor University,-0.33303782292735945,,,-0.33303782292735945
951,University of Zagreb,-0.33303782292736067,,,-0.33303782292736067
770,University of MissouriKansas City,-0.33303782292736067,,,-0.33303782292736067
526,Tampere University of Technology,-0.33389940653367844,,,-0.33389940653367844
209,Indian Institute of Technology Bombay,-0.3347609901399963,,,-0.3347609901399963
349,National Central University,-0.3347609901399963,,,-0.3347609901399963
861,University of Science and Technology Beijing,-0.3347609901399963,,,-0.3347609901399963
573,University Lille 1 Sciences and Technologies,-0.3347609901399963,,,-0.3347609901399963
268,Konkuk University,-0.3347609901399975,,,-0.3347609901399975
891,University of Tasmania,-0.33648415735263426,,,-0.33648415735263426
165,Ghent University,0.5216531145406655,-0.6267672816722819,-0.9058756259799519,-0.3369965977038561
111,Delft University of Technology,-0.027175642684265682,,-0.6490119033496977,-0.3380937730169817
60,Catholic University of Korea,-0.3382073245652711,,,-0.3382073245652711
664,University of Delaware,-0.003051301707345492,,-0.6746982756127232,-0.33887478866003434
356,National Polytechnic Institute of Toulouse,-0.33906890817159013,,,-0.33906890817159013
335,Nagoya City University,-0.3399304917779079,,,-0.3399304917779079
478,Second University of Naples,-0.3399304917779079,,,-0.3399304917779079
818,University of Oviedo,-0.3399304917779079,,,-0.3399304917779079
201,Hunan University,-0.3399304917779079,,,-0.3399304917779079
221,International School for Advanced Studies,-0.34165365899054595,,,-0.34165365899054595
623,University of Cagliari,-0.34165365899054595,,,-0.34165365899054595
369,National University of Ireland Galway,-0.3425152425968637,,,-0.3425152425968637
258,Kent State University,-0.3425152425968637,,,-0.3425152425968637
1,Aalborg University,-0.3433768262031827,,,-0.3433768262031827
65,Chang Gung University,-0.3433768262031827,,,-0.3433768262031827
423,Plymouth University,-0.3433768262031827,,,-0.3433768262031827
781,University of Mlaga,-0.34423840980950177,,,-0.34423840980950177
136,Federal University of Rio Grande do Sul,-0.34509999341581954,,,-0.34509999341581954
943,University of Windsor,-0.34509999341581954,,,-0.34509999341581954
716,University of Ioannina,-0.34509999341581954,,,-0.34509999341581954
353,National Chung Hsing University,-0.34596157702213853,,,-0.34596157702213853
212,Indian Institute of Technology Kharagpur,-0.3468231606284576,,,-0.3468231606284576
247,Kagoshima University,-0.3468231606284576,,,-0.3468231606284576
62,Central China Normal University,-0.34768474423477536,,,-0.34768474423477536
280,LSU Health Sciences Center New Orleans,-0.34854632784109313,,,-0.34854632784109313
505,Southern Illinois University Carbondale,-0.3485463278410944,,,-0.3485463278410944
578,University of Adelaide,-0.15985951805732673,,-0.5377042902099208,-0.34878190413362375
409,Osaka Prefecture University,-0.3494079114474134,,,-0.3494079114474134
110,Deakin University,-0.3494079114474134,,,-0.3494079114474134
775,University of Montana  Missoula,-0.3494079114474134,,,-0.3494079114474134
528,Tata Institute of Fundamental Research,-0.3502694950537312,,,-0.3502694950537312
217,Inha University,-0.3502694950537312,,,-0.3502694950537312
494,Shizuoka University,-0.3519926622663692,,,-0.3519926622663692
550,Tokai University,-0.3519926622663692,,,-0.3519926622663692
13,American University of Beirut,-0.352854245872687,,,-0.352854245872687
103,Curtin University,-0.352854245872687,,,-0.352854245872687
429,Pompeu Fabra University,-0.22964779016913023,,-0.47776942159619495,-0.3537086058826626
583,University of Alaska Fairbanks,-0.3537158294790048,,,-0.3537158294790048
317,Medical University of Graz,-0.35371582947900604,,,-0.35371582947900604
480,Semmelweis University,-0.35371582947900604,,,-0.35371582947900604
442,Queensland University of Technology,-0.35457741308532503,,,-0.35457741308532503
226,Istanbul University,-0.35457741308532503,,,-0.35457741308532503
141,Federal University of So Paulo,-0.35457741308532503,,,-0.35457741308532503
577,University of Aberdeen,-0.052161567267503664,,-0.657574027437373,-0.35486779735243834
807,University of Nottingham,0.12130393213796833,-0.6493654264504808,-0.5377042902099208,-0.35525526150747777
797,University of New Orleans,-0.3554389966916428,,,-0.3554389966916428
29,Beihang University,-0.3554389966916428,,,-0.3554389966916428
427,Polytechnic University of Turin,-0.3554389966916428,,,-0.3554389966916428
554,Tokyo University of Agriculture and Technology,-0.3554389966916428,,,-0.3554389966916428
740,University of Los Andes Colombia,-0.3554389966916428,,,-0.3554389966916428
56,Carleton University,-0.3554389966916428,,,-0.3554389966916428
124,Ehime University,-0.3554389966916428,,,-0.3554389966916428
390,Northern Illinois University,-0.35716216390428085,,,-0.35716216390428085
836,University of Portsmouth,-0.3580237475105987,,,-0.3580237475105987
171,Griffith University,-0.3580237475105987,,,-0.3580237475105987
211,Indian Institute of Technology Kanpur,-0.3580237475105987,,,-0.3580237475105987
17,Arizona State University,0.33942818180428747,-0.7406107657435834,-0.6746982756127232,-0.35862695318400634
841,University of Queensland,0.27811214848794835,-0.6623273811911831,-0.6918225237880734,-0.3586792521637694
86,Chungnam National University,-0.35888533111691645,,,-0.35888533111691645
728,University of La Laguna,-0.35888533111691767,,,-0.35888533111691767
608,University of Bonn,0.5604243768250017,-0.7669245084502722,-0.8716271296292514,-0.35937575375150727
539,Texas AM Health Science Center,-0.35974691472323544,,,-0.35974691472323544
568,Universidade Nova de Lisboa,-0.35974691472323544,,,-0.35974691472323544
214,Indian Institute of Technology Roorkee,-0.35974691472323667,,,-0.35974691472323667
703,University of Hertfordshire,-0.35974691472323667,,,-0.35974691472323667
38,Binghamton University,-0.35974691472323667,,,-0.35974691472323667
147,Florida International University,-0.35974691472323667,,,-0.35974691472323667
416,ParisEst Crteil ValdeMarne University,-0.3606084983295545,,,-0.3606084983295545
121,East China Normal University,-0.3606084983295545,,,-0.3606084983295545
853,University of Salamanca,-0.36147008193587227,,,-0.36147008193587227
173,Gunma University,-0.36147008193587227,,,-0.36147008193587227
405,Open University UK,-0.36233166554219126,,,-0.36233166554219126
848,University of Rhode Island,-0.36233166554219126,,,-0.36233166554219126
297,Louisiana Tech University,-0.3623316655421925,,,-0.3623316655421925
160,George Washington University,0.2183756851165276,,-0.94440518437449,-0.36301474962898117
838,University of Pretoria,-0.3631932491485103,,,-0.3631932491485103
9,Albany Medical College,-0.3631932491485103,,,-0.3631932491485103
742,University of Lbeck,-0.3631932491485103,,,-0.3631932491485103
908,University of Toledo,-0.3631932491485103,,,-0.3631932491485103
320,Memorial University of Newfoundland,-0.3631932491485103,,,-0.3631932491485103
46,Braunschweig University of Technology,-0.3640548327548281,,,-0.3640548327548281
825,University of Patras,-0.3640548327548281,,,-0.3640548327548281
313,Massey University,-0.3649164163611471,,,-0.3649164163611471
512,State University of New York Upstate Medical University,-0.3649164163611471,,,-0.3649164163611471
558,Tottori University,-0.3649164163611471,,,-0.3649164163611471
281,La Trobe University,-0.36491641636114835,,,-0.36491641636114835
288,Lille 2 University of Health and Law,-0.36491641636114835,,,-0.36491641636114835
176,Hacettepe University,-0.3657779999674661,,,-0.3657779999674661
834,University of Poitiers,-0.3657779999674661,,,-0.3657779999674661
547,Tilburg University,-0.3666395835737839,,,-0.3666395835737839
454,Rovira i Virgili University,-0.3666395835737839,,,-0.3666395835737839
727,University of LAquila,-0.3666395835737839,,,-0.3666395835737839
711,University of Idaho,-0.3666395835737839,,,-0.3666395835737839
900,University of Texas at Arlington,-0.36750116718010295,,,-0.36750116718010295
1023,rebro University,-0.36750116718010295,,,-0.36750116718010295
765,University of Minho,-0.36836275078642194,,,-0.36836275078642194
386,Northeast Normal University,-0.36836275078642194,,,-0.36836275078642194
39,Birkbeck University of London,-0.36836275078642194,,,-0.36836275078642194
621,University of Burgundy,-0.36836275078642194,,,-0.36836275078642194
500,Soochow University Suzhou,-0.3692243343927397,,,-0.3692243343927397
962,Universit de Namur,-0.3692243343927397,,,-0.3692243343927397
71,China Agricultural University,-0.37008591799905877,,,-0.37008591799905877
166,Gifu University,-0.37008591799905877,,,-0.37008591799905877
33,Beijing University of Chemical Technology,-0.37008591799905877,,,-0.37008591799905877
404,Old Dominion University,-0.37094750160537776,,,-0.37094750160537776
193,Hong Kong Baptist University,-0.37094750160537776,,,-0.37094750160537776
979,Warsaw University of Technology,-0.37180908521169553,,,-0.37180908521169553
431,Portland State University,-0.37180908521169553,,,-0.37180908521169553
256,Keele University,-0.37180908521169553,,,-0.37180908521169553
364,National Technical University of Athens,-0.37180908521169553,,,-0.37180908521169553
842,University of Qubec at Montreal,-0.37180908521169553,,,-0.37180908521169553
720,University of Jyvskyl,-0.37180908521169553,,,-0.37180908521169553
291,Loma Linda University,-0.37180908521169553,,,-0.37180908521169553
586,University of Alicante,-0.37267066881801336,,,-0.37267066881801336
24,Banaras Hindu University,-0.3726706688180146,,,-0.3726706688180146
564,UNESP So Paulo State University,-0.3726706688180146,,,-0.3726706688180146
663,University of Debrecen,-0.3726706688180146,,,-0.3726706688180146
329,Missouri University of Science and Technology,-0.3735322524243336,,,-0.3735322524243336
910,University of Toyama,-0.3735322524243336,,,-0.3735322524243336
455,Royal College of Surgeons in Ireland,-0.3735322524243336,,,-0.3735322524243336
822,University of Paris 13,-0.37439383603065135,,,-0.37439383603065135
715,University of Insubria,-0.37439383603065135,,,-0.37439383603065135
791,University of Nevada Las Vegas,-0.3752554196369692,,,-0.3752554196369692
196,Howard University,-0.3752554196369704,,,-0.3752554196369704
261,King Abdullah University of Science and Technology,-0.3752554196369704,,,-0.3752554196369704
308,Marche Polytechnic University,-0.3752554196369704,,,-0.3752554196369704
572,University Franois Rabelais Tours,-0.3761170032432894,,,-0.3761170032432894
932,University of Vigo,-0.3761170032432894,,,-0.3761170032432894
475,Sapporo Medical University,-0.3761170032432894,,,-0.3761170032432894
451,Rochester Institute of Technology,-0.3761170032432894,,,-0.3761170032432894
744,University of Maine Orono,-0.3761170032432894,,,-0.3761170032432894
437,Putra University Malaysia,-0.3761170032432894,,,-0.3761170032432894
955,University of the Balearic Islands,-0.3761170032432894,,,-0.3761170032432894
760,University of Messina,-0.3761170032432894,,,-0.3761170032432894
689,University of Girona,-0.3769785868496072,,,-0.3769785868496072
107,Dankook University,-0.377840170455925,,,-0.377840170455925
259,Kindai University,-0.377840170455925,,,-0.377840170455925
114,Donghua University,-0.3778401704559262,,,-0.3778401704559262
722,University of Kent,-0.3778401704559262,,,-0.3778401704559262
1001,Yamaguchi University,-0.378701754062244,,,-0.378701754062244
698,University of Haifa,-0.3787017540622452,,,-0.3787017540622452
453,Roma Tre University,-0.3787017540622452,,,-0.3787017540622452
169,Graz University of Technology,-0.3787017540622452,,,-0.3787017540622452
487,Shanghai University,-0.37956333766856304,,,-0.37956333766856304
241,Johannes Kepler University of Linz,-0.37956333766856304,,,-0.37956333766856304
248,Kaiserslautern University of Technology,-0.37956333766856304,,,-0.37956333766856304
295,Loughborough University,-0.37956333766856304,,,-0.37956333766856304
189,HeriotWatt University,-0.3804249212748808,,,-0.3804249212748808
520,Swinburne University of Technology,-0.3812865048811998,,,-0.3812865048811998
922,University of Ulster,-0.3812865048811998,,,-0.3812865048811998
309,Marquette University,-0.3812865048811998,,,-0.3812865048811998
97,Comenius University in Bratislava,-0.3812865048811998,,,-0.3812865048811998
155,Fuzhou University,-0.3812865048811998,,,-0.3812865048811998
290,Liverpool John Moores University,-0.381286504881201,,,-0.381286504881201
236,Jichi Medical University,-0.381286504881201,,,-0.381286504881201
994,Wuhan University of Technology,-0.38214808848751886,,,-0.38214808848751886
473,San Francisco State University,-0.38214808848751886,,,-0.38214808848751886
376,New Jersey Institute of Technology,-0.38214808848751886,,,-0.38214808848751886
1015,bo Akademi University,-0.38214808848751886,,,-0.38214808848751886
0,AGH University of Science and Technology,-0.38214808848751886,,,-0.38214808848751886
518,Swansea University,-0.38214808848751886,,,-0.38214808848751886
672,University of Eastern Piedmont Amedeo Avogadro,-0.38214808848751886,,,-0.38214808848751886
640,University of Cantabria,-0.38300967209383663,,,-0.38300967209383663
185,Hasselt University,-0.3838712557001556,,,-0.3838712557001556
311,Masaryk University,-0.3838712557001556,,,-0.3838712557001556
855,University of Salerno,-0.3838712557001556,,,-0.3838712557001556
887,University of Szeged,-0.3838712557001556,,,-0.3838712557001556
274,Kyoto Prefectural University of Medicine,-0.3838712557001569,,,-0.3838712557001569
785,University of Natural Resources and Life Sciences Vienna,-0.38473283930647467,,,-0.38473283930647467
387,Northeastern University,-0.07887065906337967,,-0.6918225237880734,-0.3853465914257265
599,University of Basel,0.36570648179700455,-0.6847937357596973,-0.8373786332785507,-0.3854886290804145
266,Kitasato University,-0.38559442291279244,,,-0.38559442291279244
595,University of Augsburg,-0.38559442291279244,,,-0.38559442291279244
126,Emory University,0.3467516424579948,-0.8096843403486425,-0.696103585831911,-0.3863454279075196
872,University of South Australia,-0.3864560065191127,,,-0.3864560065191127
771,University of MissouriSt Louis,-0.3864560065191127,,,-0.3864560065191127
759,University of Memphis,-0.3864560065191127,,,-0.3864560065191127
156,G dAnnunzio University ChietiPescara,-0.3873175901254305,,,-0.3873175901254305
930,University of Victoria,-0.19518444591638923,,-0.5805149106482965,-0.38784967828234285
582,University of Alabama in Huntsville,-0.38817917373174826,,,-0.38817917373174826
120,East Carolina University,-0.38817917373174826,,,-0.38817917373174826
104,Czech Technical University in Prague,-0.38817917373174826,,,-0.38817917373174826
371,National University of La Plata,-0.38817917373174826,,,-0.38817917373174826
326,Miguel Hernndez University of Elche,-0.3890407573380673,,,-0.3890407573380673
418,Paul Valry University Montpellier III,-0.3890407573380673,,,-0.3890407573380673
661,University of Crdoba Spain,-0.3890407573380673,,,-0.3890407573380673
960,University of vry Val dEssonne,-0.3890407573380673,,,-0.3890407573380673
624,University of Calabria,-0.3899023409443863,,,-0.3899023409443863
949,University of Yamanashi,-0.3899023409443863,,,-0.3899023409443863
774,University of Mons,-0.3899023409443863,,,-0.3899023409443863
73,China Medical University Taiwan,-0.3899023409443863,,,-0.3899023409443863
768,University of Mississippi Medical Center,-0.3907639245507041,,,-0.3907639245507041
15,Ankara University,-0.3907639245507041,,,-0.3907639245507041
643,University of CastillaLa Mancha,-0.3907639245507041,,,-0.3907639245507041
790,University of Neuchtel,-0.3907639245507041,,,-0.3907639245507041
325,Mie University,-0.3907639245507041,,,-0.3907639245507041
805,University of North Texas Denton,-0.3916255081570219,,,-0.3916255081570219
802,University of North Carolina at Charlotte,-0.39162550815702313,,,-0.39162550815702313
1000,Yamagata University,-0.39162550815702313,,,-0.39162550815702313
880,University of Stirling,-0.39162550815702313,,,-0.39162550815702313
893,University of Tehran,-0.39162550815702313,,,-0.39162550815702313
709,University of Hyogo,-0.39162550815702313,,,-0.39162550815702313
252,Kaohsiung Medical University,-0.3924870917633421,,,-0.3924870917633421
412,Palack University Olomouc,-0.3924870917633421,,,-0.3924870917633421
237,Jikei University School of Medicine,-0.3924870917633421,,,-0.3924870917633421
603,University of Belgrade,-0.3933486753696599,,,-0.3933486753696599
272,Kurume University,-0.3933486753696599,,,-0.3933486753696599
355,National Polytechnic Institute,-0.3933486753696599,,,-0.3933486753696599
489,Sharif University of Technology,-0.3933486753696599,,,-0.3933486753696599
467,Saga University,-0.3933486753696599,,,-0.3933486753696599
385,North Dakota State University  Main Campus,-0.3933486753696599,,,-0.3933486753696599
495,Showa University,-0.3942102589759777,,,-0.3942102589759777
389,Northern Arizona University,-0.39421025897597894,,,-0.39421025897597894
1005,Yeungnam University,-0.39507184258229794,,,-0.39507184258229794
232,Jawaharlal Nehru Centre for Advanced Scientific Research,-0.39507184258229794,,,-0.39507184258229794
40,Blaise Pascal University,-0.39507184258229794,,,-0.39507184258229794
477,Second Military Medical University,-0.39507184258229794,,,-0.39507184258229794
831,University of Picardie Jules Verne,-0.39507184258229794,,,-0.39507184258229794
1018,cole Polytechnique de Montral,-0.39507184258229794,,,-0.39507184258229794
854,University of Salento,-0.39507184258229794,,,-0.39507184258229794
220,Institut national des sciences Appliques de Lyon,-0.39507184258229794,,,-0.39507184258229794
83,Chung Yuan Christian University,-0.39593342618861577,,,-0.39593342618861577
622,University of Caen Lower Normandy,-0.39593342618861577,,,-0.39593342618861577
856,University of Salzburg,-0.39593342618861577,,,-0.39593342618861577
470,Saitama Medical University,-0.39593342618861577,,,-0.39593342618861577
395,Norwegian University of Life Sciences,-0.39679500979493476,,,-0.39679500979493476
675,University of Electronic Science and Technology of China,-0.39679500979493476,,,-0.39679500979493476
30,Beijing Institute of Technology,-0.39679500979493476,,,-0.39679500979493476
886,University of Sydney,0.22742231298287421,-0.753402168448224,-0.6661361515250479,-0.3973720023301326
123,Ege University,-0.39765659340125253,,,-0.39765659340125253
323,Michigan Technological University,-0.3985181770075716,,,-0.3985181770075716
218,Inje University,-0.3985181770075716,,,-0.3985181770075716
202,Hunter College,-0.3985181770075716,,,-0.3985181770075716
704,University of Hohenheim,-0.3985181770075716,,,-0.3985181770075716
358,National Sun Yatsen University,-0.3985181770075716,,,-0.3985181770075716
542,The Catholic University of America,-0.3985181770075716,,,-0.3985181770075716
78,Chongqing University,-0.39937976061388936,,,-0.39937976061388936
52,Cairo University,-0.39937976061388936,,,-0.39937976061388936
43,Bowling Green State University,-0.3993797606138906,,,-0.3993797606138906
780,University of Murcia,-0.40024134422020835,,,-0.40024134422020835
84,ChungAng University,-0.40024134422020957,,,-0.40024134422020957
926,University of Valladolid,-0.40024134422020957,,,-0.40024134422020957
90,Clarkson University,-0.40024134422020957,,,-0.40024134422020957
829,University of Perpignan Via Domitia,-0.40024134422020957,,,-0.40024134422020957
655,University of Concepcin,-0.40024134422020957,,,-0.40024134422020957
4,Aberystwyth University,-0.4011029278265274,,,-0.4011029278265274
524,Taipei Medical University,-0.4011029278265274,,,-0.4011029278265274
871,University of South Alabama,-0.4011029278265274,,,-0.4011029278265274
674,University of ElectroCommunications,-0.4011029278265274,,,-0.4011029278265274
1014,Zhengzhou University,-0.4019645114328452,,,-0.4019645114328452
852,University of Rouen,-0.4019645114328452,,,-0.4019645114328452
336,Nagoya Institute of Technology,-0.4019645114328452,,,-0.4019645114328452
54,Capital Medical University,-0.4019645114328464,,,-0.4019645114328464
772,University of Miyazaki,-0.4019645114328464,,,-0.4019645114328464
68,Chemnitz University of Technology,-0.4019645114328464,,,-0.4019645114328464
612,University of Bradford,-0.40282609503916417,,,-0.40282609503916417
231,Jaume I University,-0.40282609503916544,,,-0.40282609503916544
303,Magna Grcia University of Catanzaro,-0.4036876786454832,,,-0.4036876786454832
51,Budapest University of Technology and Economics,-0.4036876786454832,,,-0.4036876786454832
250,Kangwon National University,-0.404549262251801,,,-0.404549262251801
262,King Fahd University of Petroleum and Minerals,-0.404549262251801,,,-0.404549262251801
972,Vilnius University,-0.404549262251801,,,-0.404549262251801
154,Fukuoka University,-0.404549262251801,,,-0.404549262251801
694,University of Greifswald,-0.40541084585812126,,,-0.40541084585812126
85,Chungbuk National University,-0.40541084585812126,,,-0.40541084585812126
991,Wright State University  Dayton,-0.40627242946443903,,,-0.40627242946443903
616,University of Brighton,-0.40627242946443903,,,-0.40627242946443903
117,Dublin City University,-0.4071340130707568,,,-0.4071340130707568
859,University of Sassari,-0.40799559667707586,,,-0.40799559667707586
750,University of Maribor,-0.40799559667707586,,,-0.40799559667707586
683,University of FrancheComt,-0.40799559667707586,,,-0.40799559667707586
370,National University of Ireland Maynooth,-0.40799559667707586,,,-0.40799559667707586
498,Sofia University,-0.4079955966770771,,,-0.4079955966770771
845,University of Regina,-0.4079955966770771,,,-0.4079955966770771
989,Wilfrid Laurier University,-0.40885718028339485,,,-0.40885718028339485
279,Kchi University,-0.40885718028339485,,,-0.40885718028339485
344,Nanjing University of Technology,-0.40885718028339485,,,-0.40885718028339485
333,Murdoch University,-0.40885718028339485,,,-0.40885718028339485
449,Rio de Janeiro State University,-0.40885718028339485,,,-0.40885718028339485
755,University of Massachusetts Boston,-0.40885718028339485,,,-0.40885718028339485
1021,cole normale suprieure de Cachan,-0.40885718028339485,,,-0.40885718028339485
756,University of Massachusetts Lowell,-0.40885718028339485,,,-0.40885718028339485
458,Royal Veterinary College University of London,-0.4097187638897126,,,-0.4097187638897126
892,University of Technology Sydney,-0.4097187638897126,,,-0.4097187638897126
306,Manchester Metropolitan University,-0.4105803474960317,,,-0.4105803474960317
69,Chiang Mai University,-0.4105803474960317,,,-0.4105803474960317
585,University of Alcal,-0.41144193110235067,,,-0.41144193110235067
535,Tehran University of Medical Sciences,-0.41144193110235067,,,-0.41144193110235067
793,University of New Brunswick,-0.41144193110235067,,,-0.41144193110235067
958,University of the Ryukyus,-0.41144193110235067,,,-0.41144193110235067
37,Bilkent University,-0.41144193110235067,,,-0.41144193110235067
479,Sejong University,-0.41144193110235067,,,-0.41144193110235067
31,Beijing Jiaotong University,-0.41230351470866844,,,-0.41230351470866844
589,University of Angers,-0.41230351470866844,,,-0.41230351470866844
234,Jiangnan University,-0.41230351470866844,,,-0.41230351470866844
399,Ocean University of China,-0.41230351470866844,,,-0.41230351470866844
340,Nanjing Normal University,-0.41230351470866844,,,-0.41230351470866844
225,Istanbul Technical University,-0.3907639245507041,,-0.43495880115781926,-0.41286136285426167
977,Wageningen University and Research Centre,-0.05733106890541653,,-0.7688816405771496,-0.41310635474128304
178,Hamamatsu University School of Medicine,-0.4131650983149875,,,-0.4131650983149875
929,University of Veterinary Medicine Vienna,-0.4131650983149875,,,-0.4131650983149875
80,Chosun University,-0.4131650983149875,,,-0.4131650983149875
12,All India Institute of Medical Sciences New Delhi,-0.4131650983149875,,,-0.4131650983149875
352,National Chung Cheng University,-0.4131650983149875,,,-0.4131650983149875
935,University of Wales Trinity Saint David,-0.4140266819213065,,,-0.4140266819213065
987,Western Michigan University,-0.4140266819213065,,,-0.4140266819213065
441,Queens College City University of New York,-0.4140266819213065,,,-0.4140266819213065
443,RMIT University,-0.4140266819213065,,,-0.4140266819213065
145,Florida Atlantic University,-0.4148882655276243,,,-0.4148882655276243
679,University of Extremadura,-0.4157498491339433,,,-0.4157498491339433
48,Brock University,-0.4157498491339433,,,-0.4157498491339433
372,National University of Rosario,-0.4157498491339433,,,-0.4157498491339433
840,University of Pcs,-0.4157498491339433,,,-0.4157498491339433
868,University of Siegen,-0.4157498491339433,,,-0.4157498491339433
197,Huazhong Agricultural University,-0.4157498491339433,,,-0.4157498491339433
357,National Research Nuclear University MEPhI,-0.4157498491339433,,,-0.4157498491339433
685,University of Fukui,-0.4166114327402623,,,-0.4166114327402623
273,Kyoto Institute of Technology,-0.4166114327402623,,,-0.4166114327402623
149,Fluminense Federal University,-0.4166114327402623,,,-0.4166114327402623
158,Gazi University,-0.4166114327402623,,,-0.4166114327402623
398,Oakland University,-0.4166114327402623,,,-0.4166114327402623
450,Ritsumeikan University,-0.41747301634658013,,,-0.41747301634658013
794,University of New England Australia,-0.41747301634658013,,,-0.41747301634658013
559,Trent University,-0.41747301634658013,,,-0.41747301634658013
233,Jean Monnet University,-0.41747301634658013,,,-0.41747301634658013
471,Saitama University,-0.41747301634658013,,,-0.41747301634658013
812,University of Orlans,-0.41747301634658013,,,-0.41747301634658013
305,Makerere University,-0.41747301634658013,,,-0.41747301634658013
338,Nanjing Agricultural University,-0.41747301634658013,,,-0.41747301634658013
5,Adam Mickiewicz University in Pozna,-0.41747301634658013,,,-0.41747301634658013
803,University of North Carolina at Greensboro,-0.41747301634658013,,,-0.41747301634658013
810,University of Oldenburg,-0.4183345999528979,,,-0.4183345999528979
903,University of Texas at El Paso,-0.4183345999528979,,,-0.4183345999528979
738,University of Lleida,-0.4183345999528991,,,-0.4183345999528991
804,University of North Dakota,-0.4183345999528991,,,-0.4183345999528991
486,Shanghai Normal University,-0.4183345999528991,,,-0.4183345999528991
638,University of Camerino,-0.4183345999528991,,,-0.4183345999528991
388,Northeastern University China,-0.4183345999528991,,,-0.4183345999528991
391,Northwest AF University,-0.4191961835592169,,,-0.4191961835592169
172,Guangxi University,-0.4191961835592169,,,-0.4191961835592169
263,King Juan Carlos University,-0.4191961835592169,,,-0.4191961835592169
360,National Taiwan Normal University,-0.4191961835592181,,,-0.4191961835592181
491,Shimane University,-0.4191961835592181,,,-0.4191961835592181
942,University of Western Sydney,-0.4191961835592181,,,-0.4191961835592181
536,Teikyo University,-0.4191961835592181,,,-0.4191961835592181
814,University of Osnabrck,-0.42005776716553594,,,-0.42005776716553594
392,Northwest University China,-0.42005776716553594,,,-0.42005776716553594
941,University of Western Brittany,-0.42005776716553594,,,-0.42005776716553594
660,University of Cdiz,-0.4209193507718537,,,-0.4209193507718537
748,University of Mannheim,-0.4209193507718537,,,-0.4209193507718537
434,Pukyong National University,-0.4209193507718537,,,-0.4209193507718537
239,Jinan University,-0.4209193507718537,,,-0.4209193507718537
339,Nanjing Medical University,-0.4209193507718537,,,-0.4209193507718537
613,University of Braslia,-0.42091935077185494,,,-0.42091935077185494
488,Shanxi University,-0.42091935077185494,,,-0.42091935077185494
1011,Zhejiang Normal University,-0.42091935077185494,,,-0.42091935077185494
363,National Taiwan University of Science and Technology,-0.42091935077185494,,,-0.42091935077185494
183,Harbin Medical University,-0.42091935077185494,,,-0.42091935077185494
227,Jacobs University Bremen,-0.42091935077185494,,,-0.42091935077185494
525,Tamkang University,-0.42091935077185494,,,-0.42091935077185494
878,University of Southern Mississippi,-0.4217809343781727,,,-0.4217809343781727
934,University of Waikato,-0.4217809343781727,,,-0.4217809343781727
957,University of the Republic Uruguay,-0.421780934378174,,,-0.421780934378174
190,Hirosaki University,-0.421780934378174,,,-0.421780934378174
509,Southwest University,-0.421780934378174,,,-0.421780934378174
138,Federal University of Santa Catarina,-0.421780934378174,,,-0.421780934378174
381,Nicolaus Copernicus University in Toru,-0.42264251798449176,,,-0.42264251798449176
947,University of Wrocaw,-0.42264251798449176,,,-0.42264251798449176
228,Jadavpur University,-0.42264251798449176,,,-0.42264251798449176
315,McMaster University,0.41740149817611855,-0.7252610824980147,-0.9615294325498401,-0.4231296722905788
367,National University of Crdoba,-0.42350410159080953,,,-0.42350410159080953
342,Nanjing University of Aeronautics and Astronautics,-0.42350410159080953,,,-0.42350410159080953
150,Fourth Military Medical University,-0.42350410159080953,,,-0.42350410159080953
708,University of Hyderabad,-0.42350410159080953,,,-0.42350410159080953
905,University of Thessaly,-0.42350410159080953,,,-0.42350410159080953
354,National Dong Hwa University,-0.4243656851971286,,,-0.4243656851971286
57,Carlos III University of Madrid,-0.4243656851971286,,,-0.4243656851971286
359,National Taipei University of Technology,-0.4243656851971286,,,-0.4243656851971286
743,University of Maine Le Mans,-0.4243656851971286,,,-0.4243656851971286
203,IShou University,-0.4243656851971286,,,-0.4243656851971286
718,University of Jan,-0.4243656851971286,,,-0.4243656851971286
600,University of Basilicata,-0.4243656851971298,,,-0.4243656851971298
66,Charles Darwin University,-0.4252272688034476,,,-0.4252272688034476
361,National Taiwan Ocean University,-0.4252272688034476,,,-0.4252272688034476
864,University of Seoul,-0.4252272688034476,,,-0.4252272688034476
119,Durham University,-0.009943970557895167,,-0.8416596953223883,-0.42580183294014173
134,Federal University of Paran,-0.42608885240976535,,,-0.42608885240976535
992,Wrocaw University of Technology,-0.42608885240976535,,,-0.42608885240976535
631,University of California Merced,-0.42608885240976535,,,-0.42608885240976535
224,Isfahan University of Technology,-0.42608885240976535,,,-0.42608885240976535
482,Shaanxi Normal University,-0.42608885240976657,,,-0.42608885240976657
937,University of Warwick,-0.10557975085925568,-0.7482856073663675,,-0.4269326791128116
366,National University of Colombia,-0.4269504360160844,,,-0.4269504360160844
140,Federal University of So Carlos,-0.4269504360160844,,,-0.4269504360160844
567,United Arab Emirates University,-0.4278120196224034,,,-0.4278120196224034
177,Hallym University,-0.4278120196224034,,,-0.4278120196224034
502,South China Normal University,-0.4278120196224034,,,-0.4278120196224034
135,Federal University of Pernambuco,-0.42867360322872117,,,-0.42867360322872117
397,Novosibirsk State University,-0.4295351868350402,,,-0.4295351868350402
368,National University of Defense Technology,-0.4295351868350402,,,-0.4295351868350402
235,Jiangsu University,-0.4295351868350402,,,-0.4295351868350402
1003,Yangzhou University,-0.4295351868350402,,,-0.4295351868350402
433,Public University of Navarre,-0.4295351868350402,,,-0.4295351868350402
112,Dokuz Eyll University,-0.4295351868350402,,,-0.4295351868350402
659,University of Cyprus,-0.4295351868350402,,,-0.4295351868350402
139,Federal University of Santa Maria,-0.42953518683504144,,,-0.42953518683504144
527,Tarbiat Modares University,-0.4303967704413592,,,-0.4303967704413592
997,Xiangtan University,-0.4303967704413592,,,-0.4303967704413592
543,Third Military Medical University,-0.4303967704413592,,,-0.4303967704413592
393,Northwestern Polytechnical University,-0.4303967704413592,,,-0.4303967704413592
143,Feng Chia University,-0.431258354047677,,,-0.431258354047677
204,Ibaraki University,-0.43211993765399603,,,-0.43211993765399603
493,Shiraz University,-0.43211993765399603,,,-0.43211993765399603
733,University of Limerick,-0.432981521260315,,,-0.432981521260315
14,Amirkabir University of Technology,-0.432981521260315,,,-0.432981521260315
846,University of Reims ChampagneArdenne,-0.432981521260315,,,-0.432981521260315
506,Southern Medical University,-0.432981521260315,,,-0.432981521260315
82,Chung Shan Medical University,-0.432981521260315,,,-0.432981521260315
870,University of Silesia,-0.432981521260315,,,-0.432981521260315
576,University of A Corua,-0.43384310486663286,,,-0.43384310486663286
1010,Yuan Ze University,-0.43384310486663286,,,-0.43384310486663286
6,Ain Shams University,-0.43384310486663286,,,-0.43384310486663286
925,University of Valenciennes and HainautCambresis,-0.43384310486663286,,,-0.43384310486663286
142,Federico Santa Mara Technical University,-0.43384310486663286,,,-0.43384310486663286
501,South China Agricultural University,-0.43470468847295185,,,-0.43470468847295185
152,Fu Jen Catholic University,-0.43470468847295185,,,-0.43470468847295185
1002,Yanbian University,-0.43470468847295185,,,-0.43470468847295185
619,University of Bucharest,-0.43470468847295185,,,-0.43470468847295185
200,Hunan Normal University,-0.43470468847295185,,,-0.43470468847295185
647,University of Chemistry and Technology Prague,-0.43470468847295185,,,-0.43470468847295185
307,Mansoura University,-0.43556627207927084,,,-0.43556627207927084
11,Alexandria University,-0.43556627207927084,,,-0.43556627207927084
130,Federal University of ABC,-0.43556627207927084,,,-0.43556627207927084
839,University of Puerto Rico at Mayagez,-0.43556627207927084,,,-0.43556627207927084
132,Federal University of Cear,-0.4364278556855887,,,-0.4364278556855887
131,Federal University of Bahia,-0.4364278556855887,,,-0.4364278556855887
954,University of the Algarve,-0.4364278556855887,,,-0.4364278556855887
826,University of Pau and Pays de lAdour,-0.43728943929190767,,,-0.43728943929190767
464,Ryerson University,-0.43728943929190767,,,-0.43728943929190767
72,China Medical University PRC,-0.43815102289822666,,,-0.43815102289822666
34,Beijing University of Technology,-0.43815102289822666,,,-0.43815102289822666
1013,Zhejiang University of Technology,-0.43815102289822666,,,-0.43815102289822666
74,China Pharmaceutical University,-0.43815102289822666,,,-0.43815102289822666
998,Xidian University,-0.43815102289822666,,,-0.43815102289822666
1019,cole centrale de Lyon,-0.4398741901108635,,,-0.4398741901108635
187,Hefei University of Technology,-0.4398741901108635,,,-0.4398741901108635
260,King Abdulaziz University,-0.44073577371718253,,,-0.44073577371718253
625,University of Calcutta,-0.4415973573235003,,,-0.4415973573235003
75,China University of Geosciences Wuhan,-0.44332052453613713,,,-0.44332052453613713
732,University of Lethbridge,-0.4450436917487751,,,-0.4450436917487751
523,Syracuse University,-0.2718653868787412,,-0.6233255310866722,-0.4475954589827067
483,Shahid Beheshti University of Medical Sciences,-0.44849002617404876,,,-0.44849002617404876
646,University of Central Lancashire,-0.45021319338668553,,,-0.45021319338668553
157,Gachon University,-0.45193636059932357,,,-0.45193636059932357
731,University of Leicester,0.015903537631663054,,-0.922999874155302,-0.4535481682618195
181,Harbin Engineering University,-0.4536595278119604,,,-0.4536595278119604
565,Ulsan National Institute of Science and Technology,-0.4553826950245972,,,-0.4553826950245972
490,Shenzhen University,-0.4571058622372352,,,-0.4571058622372352
545,Tianjin Medical University,-0.4571058622372352,,,-0.4571058622372352
23,BabeBolyai University,-0.45882902944987203,,,-0.45882902944987203
188,Henan Normal University,-0.45882902944987203,,,-0.45882902944987203
508,Southwest Jiaotong University,-0.46055219666250885,,,-0.46055219666250885
570,University College Dublin,0.01331878681270723,,-0.9401241223306522,-0.4634026677589725
18,Aston University,-0.38300967209383663,-0.5717642500423274,-0.4392398632016569,-0.46467126177927365
301,Maastricht University,0.060705885160228595,,-1.0086211150320534,-0.47395761493591243
162,Georgia Institute of Technology,0.30065691951995255,-0.7866598154802893,-0.9401241223306522,-0.47537567276366294
869,University of Siena,-0.2718653868787412,,-0.6832603997003982,-0.4775628932895697
990,Williams College,-0.48467653763942903,,,-0.48467653763942903
1022,cole normale suprieure de Lyon,-0.2830659737608823,,-0.696103585831911,-0.48958477979639664
548,Toho University,-0.37956333766856304,-0.6068492403179132,-0.4863315456838702,-0.4909147078901155
684,University of Fribourg,-0.3252835704704932,-0.7621003222873797,-0.4092724288947938,-0.4988854405508889
89,City University of Hong Kong,-0.2072466164048481,,-0.8545028814539009,-0.5308747489293745
510,St Georges University of London,-0.16761377051419418,,-0.8973135018922765,-0.5324636362032353
670,University of East Anglia,-0.1684753541205132,,-0.9144377500676271,-0.5414565520940702
146,Florida Institute of Technology,-0.4097187638897126,-0.7866598154802893,-0.9401241223306522,-0.7121675672335513
